7201100001,CoolGuy1,421 Ashford Drive,4592
7201100002,CoolGuy2,435 Ashford Drive,9394
7201100003,CoolGuy3,436 Ashford Drive,7058
7201100004,CoolGuy4,437 Ashford Drive,7574
7201100005,CoolGuy5,438 Ashford Drive,5561
7201100006,CoolGuy6,439 Ashford Drive,8434
7201100007,CoolGal1,440 Ashford Drive,6265
7201100008,CoolGal2,919 Cockerell Drive,2254
7201100009,CoolGal3,920 Cockerell Drive,6998
7201100010,CoolGal4,921 Cockerell Drive,2705
7201100011,CoolGal5,922 Cockerell Drive,2582
7201100012,CoolGal6,923 Cockerell Drive,3216
7201100013,CoolGal7,924 Cockerell Drive,9427
7201100014,SomeUser1,925 Cockerell Drive,4142
7201100016,SomeUser3,843 Sunny Glen Lane,6761
7201100017,SomeUser4,844 Sunny Glen Lane,5275
7201100018,SomeUser5,845 Sunny Glen Lane,2861
7201100019,SomeUser6,846 Sunny Glen Lane,5644
7201100020,LongName1,497 Green Street,5714
7201100021,LongName2,498 Green Street,2908
7201100022,LongName3,499 Green Street,5217
7201100023,LongName4,500 Green Street,4344
7201100024,LongName5,501 Green Street,1833
7201100025,LongName6,502 Green Street,1036
7201100026,LongName7,503 Green Street,8663
7201100027,LongName8,504 Green Street,4977
7201100015,SomeUser2,842 Sunny Glen Lane,7816